member,valid_time,lead_h,track_err_km,slp_pred,slp_obs,wind_pred_kt,wind_obs_kt,slp_err,wind_err_kt
0,2024-10-07 00:00:00,0,0.0,981.0,981.0,75.0,75.0,0.0,0.0
0,2024-10-07 06:00:00,6,42.66649853236331,984.5469518651361,972.0,65.72768289650469,90.0,12.546951865136066,-24.27231710349531
0,2024-10-07 12:00:00,12,54.40647855813773,980.4885841109894,943.0,72.54569454401664,120.0,37.48858411098945,-47.45430545598336
0,2024-10-07 18:00:00,18,50.49924105552763,960.7019547499133,908.0,97.8662158096177,150.0,52.701954749913284,-52.1337841903823
0,2024-10-08 00:00:00,24,62.58385516017335,939.4191843116822,902.0,120.24994408109018,145.0,37.419184311682216,-24.750055918909823
0,2024-10-08 06:00:00,30,67.04238409120143,937.307297945059,925.0,125.6697314548037,125.0,12.307297945058963,0.6697314548036957
0,2024-10-08 12:00:00,36,97.99199639170432,964.1241241052868,929.0,92.743634632305,125.0,35.124124105286796,-32.256365367695
0,2024-10-08 18:00:00,42,72.91631969034266,941.7157504940074,916.0,119.29425935277467,140.0,25.715750494007352,-20.705740647225326
0,2024-10-09 00:00:00,48,100.93574417986534,952.524659961943,908.0,109.91809582042731,140.0,44.52465996194303,-30.08190417957269
0,2024-10-09 06:00:00,54,112.85561505013919,927.4093790150434,909.0,137.01751552138083,140.0,18.40937901504344,-2.9824844786191704
0,2024-10-09 12:00:00,60,69.77479766661898,953.2589662661062,919.0,102.45251628139926,135.0,34.2589662661062,-32.547483718600745
0,2024-10-09 18:00:00,66,16.9503880576811,953.0117258994314,945.0,103.4860596353138,115.0,8.01172589943144,-11.513940364686206
0,2024-10-10 00:00:00,72,37.599302424775885,963.1144817388363,956.0,92.14403832003833,105.0,7.114481738836275,-12.855961679961666
0,2024-10-10 06:00:00,78,22.451740030538055,978.349796799398,975.0,68.5809393826153,70.0,3.34979679939795,-1.4190606173847016
0,2024-10-10 12:00:00,84,70.63220654583112,977.4718599709638,983.0,68.24091083320509,65.0,-5.528140029036194,3.240910833205092
0,2024-10-10 18:00:00,90,94.55179114637171,992.5231622818704,984.0,52.67035808284796,60.0,8.523162281870441,-7.329641917152038
0,2024-10-11 00:00:00,96,120.8790269953794,989.7267948444688,986.0,54.28966625555521,60.0,3.7267948444688273,-5.710333744444789
0,2024-10-11 06:00:00,102,148.99222031341418,989.3198979089703,993.0,46.9762729565027,55.0,-3.680102091029653,-8.023727043497303
0,2024-10-11 12:00:00,108,276.524636360988,996.0841444294508,997.0,44.53383024664191,55.0,-0.9158555705491835,-10.466169753358088
0,2024-10-11 18:00:00,114,487.5678162787444,1002.849266783804,999.0,33.444039801899926,50.0,3.849266783803955,-16.555960198100074
1,2024-10-07 00:00:00,0,0.0,981.0,981.0,75.0,75.0,0.0,0.0
1,2024-10-07 06:00:00,6,37.94447103391227,978.8502605241663,972.0,75.5643888608345,90.0,6.850260524166288,-14.435611139165502
1,2024-10-07 12:00:00,12,32.77055955810578,961.5214399078321,943.0,96.57305362384476,120.0,18.521439907832132,-23.426946376155243
1,2024-10-07 18:00:00,18,73.08952964094519,953.6040620924892,908.0,108.40887408680027,150.0,45.604062092489244,-41.59112591319973
1,2024-10-08 00:00:00,24,39.92957767399018,950.4237149927676,902.0,115.61806939701435,145.0,48.4237149927676,-29.381930602985648
1,2024-10-08 06:00:00,30,11.174450630574405,966.8640027813955,925.0,94.38638623667657,125.0,41.86400278139547,-30.61361376332343
1,2024-10-08 12:00:00,36,71.14072939916264,929.5149529929922,929.0,139.55868744707487,125.0,0.514952992992221,14.558687447074874
1,2024-10-08 18:00:00,42,86.26353874166392,954.9545163525344,916.0,98.8158094599012,140.0,38.95451635253437,-41.1841905400988
1,2024-10-09 00:00:00,48,90.16152342730854,940.7162352389896,908.0,117.22727365942379,140.0,32.71623523898961,-22.772726340576213
1,2024-10-09 06:00:00,54,82.9324267372073,914.356657468529,909.0,149.64327683077312,140.0,5.356657468528965,9.643276830773118
1,2024-10-09 12:00:00,60,57.354934020691246,939.827551810544,919.0,122.12978606719392,135.0,20.827551810544037,-12.870213932806081
1,2024-10-09 18:00:00,66,49.22586710971362,958.2556476288079,945.0,93.76757309907809,115.0,13.255647628807878,-21.232426900921908
1,2024-10-10 00:00:00,72,70.38746868050958,951.8722764487052,956.0,97.74838417205137,105.0,-4.127723551294821,-7.251615827948626
1,2024-10-10 06:00:00,78,164.9103710269279,971.2848534874747,975.0,79.27224415510723,70.0,-3.71514651252528,9.27224415510723
1,2024-10-10 12:00:00,84,280.06929233753243,987.1656011274018,983.0,52.41866411951452,65.0,4.165601127401828,-12.581335880485483
1,2024-10-10 18:00:00,90,353.22063059415075,990.5713503568398,984.0,48.780079195234016,60.0,6.571350356839844,-11.219920804765984
1,2024-10-11 00:00:00,96,366.94470540925585,993.9308120614508,986.0,52.58702873566507,60.0,7.930812061450752,-7.412971264334928
1,2024-10-11 06:00:00,102,450.2043091128574,994.1233224343346,993.0,54.98533522907323,55.0,1.1233224343345682,-0.014664770926771098
1,2024-10-11 12:00:00,108,409.0039072654355,993.0610422068278,997.0,49.15155206551474,55.0,-3.9389577931722215,-5.848447934485257
1,2024-10-11 18:00:00,114,516.6453015015974,988.443939375554,999.0,56.34305128251048,50.0,-10.55606062444599,6.34305128251048
2,2024-10-07 00:00:00,0,0.0,981.0,981.0,75.0,75.0,0.0,0.0
2,2024-10-07 06:00:00,6,52.31271336114702,990.0489059944132,972.0,62.59111149073509,90.0,18.04890599441319,-27.408888509264912
2,2024-10-07 12:00:00,12,15.95178230516388,968.1339275286664,943.0,92.40961352666727,120.0,25.13392752866639,-27.590386473332728
2,2024-10-07 18:00:00,18,24.341383673273942,972.0772963516245,908.0,82.42039048964078,150.0,64.07729635162445,-67.57960951035922
2,2024-10-08 00:00:00,24,75.51362143299447,931.7378255628337,902.0,132.80370292480376,145.0,29.737825562833677,-12.196297075196242
2,2024-10-08 06:00:00,30,71.03258362093665,979.417506844439,925.0,77.84930605350974,125.0,54.417506844439,-47.150693946490264
2,2024-10-08 12:00:00,36,36.233339183500384,950.8758334411364,929.0,104.02967578150677,125.0,21.875833441136365,-20.970324218493232
2,2024-10-08 18:00:00,42,125.46879384068471,940.2177243638678,916.0,123.25686402944646,140.0,24.217724363867774,-16.74313597055354
2,2024-10-09 00:00:00,48,148.21120131662116,917.4708137116295,908.0,147.07310762917865,140.0,9.47081371162949,7.073107629178651
2,2024-10-09 06:00:00,54,106.42006000846153,933.1207452310962,909.0,130.04405716926368,140.0,24.12074523109618,-9.95594283073632
2,2024-10-09 12:00:00,60,142.30123494348294,935.2157042810588,919.0,125.42918179093802,135.0,16.215704281058834,-9.570818209061983
2,2024-10-09 18:00:00,66,168.81877305701408,945.1341963699151,945.0,112.62114296094992,115.0,0.13419636991511652,-2.378857039050075
2,2024-10-10 00:00:00,72,131.9347476914977,956.0907765871198,956.0,93.28615287965296,105.0,0.09077658711976255,-11.71384712034704
2,2024-10-10 06:00:00,78,196.2012992598144,955.1087032399184,975.0,93.72729437784409,70.0,-19.89129676008156,23.72729437784409
2,2024-10-10 12:00:00,84,151.97383504352217,984.1478224640159,983.0,58.47112664894121,65.0,1.147822464015917,-6.528873351058792
2,2024-10-10 18:00:00,90,130.39613076877146,984.6127298085995,984.0,59.38145236746294,60.0,0.6127298085995108,-0.6185476325370587
2,2024-10-11 00:00:00,96,170.2274844864932,987.0410691226984,986.0,64.8254450615378,60.0,1.0410691226984454,4.825445061537806
2,2024-10-11 06:00:00,102,143.27253000787775,987.0852011765488,993.0,56.58079366035719,55.0,-5.914798823451179,1.5807936603571875
2,2024-10-11 12:00:00,108,164.26750036734964,993.195430249279,997.0,47.02266901297912,55.0,-3.8045697507210434,-7.977330987020878
2,2024-10-11 18:00:00,114,200.69180330600867,991.1042117415856,999.0,43.484935394340575,50.0,-7.895788258414427,-6.5150646056594255
3,2024-10-07 00:00:00,0,0.0,981.0,981.0,75.0,75.0,0.0,0.0
3,2024-10-07 06:00:00,6,22.015494749613264,976.3321566527511,972.0,84.23678110621553,90.0,4.3321566527511095,-5.763218893784469
3,2024-10-07 12:00:00,12,16.164364313276934,970.7127596231337,943.0,86.69019106564924,120.0,27.712759623133707,-33.309808934350755
3,2024-10-07 18:00:00,18,32.433840285006575,942.8104326484176,908.0,120.19114009567751,150.0,34.810432648417645,-29.80885990432249
3,2024-10-08 00:00:00,24,13.813920497541917,935.7408305800789,902.0,124.15726673748078,145.0,33.740830580078864,-20.842733262519218
3,2024-10-08 06:00:00,30,32.45276858841672,919.6017675239325,925.0,150.98238149501822,125.0,-5.398232476067506,25.982381495018217
3,2024-10-08 12:00:00,36,46.61940478068591,943.5400771658313,929.0,126.14081162290888,125.0,14.540077165831349,1.1408116229088847
3,2024-10-08 18:00:00,42,103.23092697565451,968.5533459728101,916.0,84.11778696302771,140.0,52.55334597281012,-55.88221303697229
3,2024-10-09 00:00:00,48,134.29947996977768,957.1781666730335,908.0,106.30616062934982,140.0,49.1781666730335,-33.69383937065018
3,2024-10-09 06:00:00,54,96.20484097750789,935.4142666351385,909.0,132.30891854124135,140.0,26.41426663513846,-7.691081458758646
3,2024-10-09 12:00:00,60,116.85620322055064,944.9220083211726,919.0,113.26529175621724,135.0,25.922008321172598,-21.734708243782762
3,2024-10-09 18:00:00,66,150.6857835210272,964.8347173977024,945.0,91.48175930359413,115.0,19.834717397702434,-23.51824069640587
3,2024-10-10 00:00:00,72,127.03000001585158,988.0290149555938,956.0,53.13183096634155,105.0,32.029014955593766,-51.86816903365845
3,2024-10-10 06:00:00,78,196.29186001748744,975.7935540135404,975.0,73.239173784652,70.0,0.7935540135404153,3.239173784651996
3,2024-10-10 12:00:00,84,77.94825201619697,981.4119133683755,983.0,71.19898998009037,65.0,-1.588086631624492,6.198989980090374
3,2024-10-10 18:00:00,90,98.37693462966446,979.6716971730817,984.0,69.24722896536112,60.0,-4.328302826918275,9.247228965361117
3,2024-10-11 00:00:00,96,111.11962220383892,984.0303914941147,986.0,65.4543042118975,60.0,-1.969608505885276,5.454304211897494
3,2024-10-11 06:00:00,102,99.40610677584903,985.5952163730674,993.0,52.54822829589307,55.0,-7.404783626932613,-2.451771704106932
3,2024-10-11 12:00:00,108,45.47538405175496,984.6738776560356,997.0,67.45227677689083,55.0,-12.326122343964357,12.452276776890827
3,2024-10-11 18:00:00,114,139.97651274275043,992.5900958016471,999.0,52.74063231232533,50.0,-6.409904198352933,2.7406323123253316
4,2024-10-07 00:00:00,0,0.0,981.0,981.0,75.0,75.0,0.0,0.0
4,2024-10-07 06:00:00,6,21.118205910654996,962.1179507020202,972.0,104.50396273106469,90.0,-9.882049297979847,14.50396273106469
4,2024-10-07 12:00:00,12,29.23693242209606,944.4140701899607,943.0,116.80464281917389,120.0,1.4140701899607393,-3.1953571808261074
4,2024-10-07 18:00:00,18,93.41132638973147,962.2161210411941,908.0,96.04986585621617,150.0,54.21612104119413,-53.95013414378383
4,2024-10-08 00:00:00,24,38.56964053962513,953.7847441824382,902.0,103.11130768468827,145.0,51.7847441824382,-41.88869231531173
4,2024-10-08 06:00:00,30,6.903269592015758,971.4235722858184,925.0,83.81853570964668,125.0,46.42357228581841,-41.18146429035332
4,2024-10-08 12:00:00,36,62.48593052495633,936.7940017373257,929.0,123.7504848671785,125.0,7.794001737325743,-1.2495151328215002
4,2024-10-08 18:00:00,42,111.15970204932694,925.7973988426714,916.0,144.75341989336982,140.0,9.797398842671441,4.7534198933698235
4,2024-10-09 00:00:00,48,124.20064908858637,921.018950026706,908.0,137.72830319105765,140.0,13.018950026705966,-2.2716968089423517
4,2024-10-09 06:00:00,54,47.68047268444216,929.1908366277571,909.0,131.36034887527455,140.0,20.190836627757108,-8.639651124725447
4,2024-10-09 12:00:00,60,2.619324084123571,933.996699132449,919.0,135.21053452907026,135.0,14.996699132448953,0.2105345290702587
4,2024-10-09 18:00:00,66,48.3235637074936,930.2801038921054,945.0,127.23721629738802,115.0,-14.719896107894556,12.237216297388017
4,2024-10-10 00:00:00,72,46.533325294314956,956.8241791117666,956.0,95.9856663181204,105.0,0.8241791117666253,-9.014333681879606
4,2024-10-10 06:00:00,78,151.462989043168,977.5920815131524,975.0,73.82140941210132,70.0,2.5920815131523796,3.8214094121013176
4,2024-10-10 12:00:00,84,139.24499124266484,979.6206065832653,983.0,73.96877997267177,65.0,-3.379393416734729,8.968779972671769
4,2024-10-10 18:00:00,90,153.13610104351113,972.4305082786716,984.0,72.83660289415559,60.0,-11.569491721328404,12.83660289415559
4,2024-10-11 00:00:00,96,247.38153886405848,977.9271015187998,986.0,72.99195637910476,60.0,-8.072898481200241,12.991956379104764
4,2024-10-11 06:00:00,102,194.64509631553418,985.6793158469704,993.0,63.116714007015815,55.0,-7.3206841530295605,8.116714007015815
4,2024-10-11 12:00:00,108,273.80220398440775,988.6103845139232,997.0,60.8324784588694,55.0,-8.389615486076764,5.832478458869403
4,2024-10-11 18:00:00,114,367.76054634295906,983.1262869157844,999.0,60.64854182416418,50.0,-15.873713084215638,10.648541824164177
5,2024-10-07 00:00:00,0,0.0,981.0,981.0,75.0,75.0,0.0,0.0
5,2024-10-07 06:00:00,6,36.33937608600101,963.5182277102358,972.0,89.20148462450588,90.0,-8.481772289764194,-0.7985153754941194
5,2024-10-07 12:00:00,12,30.105927300904032,979.1034029690812,943.0,71.82304264153767,120.0,36.10340296908123,-48.17695735846233
5,2024-10-07 18:00:00,18,58.56688207633319,988.8658518137902,908.0,64.814986524075,150.0,80.86585181379019,-85.185013475925
5,2024-10-08 00:00:00,24,49.45047749722432,989.0512915706042,902.0,57.75689316053663,145.0,87.05129157060423,-87.24310683946337
5,2024-10-08 06:00:00,30,72.14721984856078,985.3925869012785,925.0,61.935973132676125,125.0,60.39258690127849,-63.064026867323875
5,2024-10-08 12:00:00,36,61.67304909353169,982.5865788409596,929.0,61.07895545319909,125.0,53.586578840959646,-63.92104454680091
5,2024-10-08 18:00:00,42,189.8543332376048,975.6812821481096,916.0,78.68290296993288,140.0,59.68128214810963,-61.31709703006712
5,2024-10-09 00:00:00,48,231.45721406450255,948.7092808338671,908.0,111.52993349658179,140.0,40.70928083386707,-28.47006650341821
5,2024-10-09 06:00:00,54,236.35934588095674,955.7939128171256,909.0,97.12498879259395,140.0,46.7939128171256,-42.87501120740605
5,2024-10-09 12:00:00,60,129.43910403262473,936.5988206544039,919.0,116.42798391397189,135.0,17.59882065440388,-18.572016086028114
5,2024-10-09 18:00:00,66,67.85807661097873,957.4308008435763,945.0,97.24976836823458,115.0,12.430800843576321,-17.750231631765416
5,2024-10-10 00:00:00,72,74.36236046945264,971.2836757016321,956.0,83.20020793348283,105.0,15.283675701632092,-21.79979206651717
5,2024-10-10 06:00:00,78,40.920941035683605,989.795302268607,975.0,47.02436459950435,70.0,14.795302268606974,-22.975635400495648
5,2024-10-10 12:00:00,84,80.80976575496535,992.2507409443363,983.0,47.807439976704806,65.0,9.250740944336258,-17.192560023295194
5,2024-10-10 18:00:00,90,101.91201807440832,983.7117599902303,984.0,65.09381076803191,60.0,-0.2882400097696518,5.093810768031915
5,2024-10-11 00:00:00,96,189.02256663017536,989.916861436612,986.0,54.55018154807236,60.0,3.9168614366119527,-5.449818451927641
5,2024-10-11 06:00:00,102,169.7466641839243,991.8464331361204,993.0,50.07632240464288,55.0,-1.1535668638796324,-4.92367759535712
5,2024-10-11 12:00:00,108,188.3255825221422,987.3496752864602,997.0,54.050475003488735,55.0,-9.650324713539817,-0.9495249965112649
5,2024-10-11 18:00:00,114,249.6778485748025,988.2461003901572,999.0,50.05674851294408,50.0,-10.753899609842847,0.05674851294408256
6,2024-10-07 00:00:00,0,0.0,981.0,981.0,75.0,75.0,0.0,0.0
6,2024-10-07 06:00:00,6,15.092971195897958,984.1048024563587,972.0,68.48739382804382,90.0,12.104802456358698,-21.51260617195618
6,2024-10-07 12:00:00,12,45.77907909104297,971.6087404077389,943.0,82.39490422138266,120.0,28.60874040773888,-37.60509577861734
6,2024-10-07 18:00:00,18,65.8997684903605,968.5617582078501,908.0,90.66021567713338,150.0,60.56175820785006,-59.33978432286662
6,2024-10-08 00:00:00,24,46.03990743942432,964.0231664079477,902.0,96.15541515634226,145.0,62.023166407947656,-48.84458484365774
6,2024-10-08 06:00:00,30,31.92573018799071,952.9159161090265,925.0,104.87613931325991,125.0,27.91591610902651,-20.123860686740088
6,2024-10-08 12:00:00,36,79.98132645378237,940.4732900773588,929.0,120.46912276531936,125.0,11.473290077358797,-4.530877234680645
6,2024-10-08 18:00:00,42,82.25689663686937,949.3881436437024,916.0,108.3958884095223,140.0,33.38814364370239,-31.6041115904777
6,2024-10-09 00:00:00,48,139.5986497087885,926.888332501854,908.0,140.85403424637462,140.0,18.88833250185405,0.8540342463746242
6,2024-10-09 06:00:00,54,150.09278226093505,937.5119577091539,909.0,114.61718579003107,140.0,28.511957709153876,-25.382814209968927
6,2024-10-09 12:00:00,60,118.47858532727601,934.0208747895558,919.0,125.03577615724816,135.0,15.020874789555819,-9.964223842751835
6,2024-10-09 18:00:00,66,59.40011228942413,940.4440408471748,945.0,129.9740780868793,115.0,-4.555959152825153,14.974078086879302
6,2024-10-10 00:00:00,72,79.05571597710158,955.3541269570951,956.0,95.41660202266958,105.0,-0.6458730429048956,-9.58339797733042
6,2024-10-10 06:00:00,78,84.35435020218729,968.9431592407078,975.0,79.22458615501542,70.0,-6.056840759292186,9.224586155015416
6,2024-10-10 12:00:00,84,85.6277727195522,980.0856027244573,983.0,69.2153196546409,65.0,-2.914397275542683,4.2153196546408935
6,2024-10-10 18:00:00,90,54.16755897574476,988.258941828881,984.0,62.111134098859026,60.0,4.258941828881007,2.1111340988590257
6,2024-10-11 00:00:00,96,41.465605901351935,988.986484986676,986.0,59.424185181368486,60.0,2.9864849866760323,-0.575814818631514
6,2024-10-11 06:00:00,102,90.16158914705159,982.8233301152487,993.0,56.208447797964475,55.0,-10.176669884751277,1.2084477979644745
6,2024-10-11 12:00:00,108,156.44075198042896,983.8580285931571,997.0,64.0058134386536,55.0,-13.141971406842913,9.005813438653604
6,2024-10-11 18:00:00,114,359.29700659895394,986.0232866654909,999.0,65.72270147454745,50.0,-12.9767133345091,15.72270147454745
7,2024-10-07 00:00:00,0,0.0,981.0,981.0,75.0,75.0,0.0,0.0
7,2024-10-07 06:00:00,6,21.59195686950203,952.9461706333501,972.0,109.66071952140196,90.0,-19.053829366649893,19.66071952140196
7,2024-10-07 12:00:00,12,44.243595259700975,960.835894968254,943.0,96.02239487411421,120.0,17.835894968254024,-23.977605125885788
7,2024-10-07 18:00:00,18,119.06565737666061,978.4533733103058,908.0,73.61874077916855,150.0,70.45337331030578,-76.38125922083145
7,2024-10-08 00:00:00,24,72.409659641816,964.6244954417527,902.0,96.2168637228979,145.0,62.62449544175274,-48.7831362771021
7,2024-10-08 06:00:00,30,35.504477097851655,964.5944841296683,925.0,86.40191723676188,125.0,39.59448412966833,-38.598082763238125
7,2024-10-08 12:00:00,36,63.182976146124105,959.6211407669797,929.0,100.68338949130656,125.0,30.621140766979693,-24.316610508693444
7,2024-10-08 18:00:00,42,95.36343739196845,949.5805278471073,916.0,114.4712987145681,140.0,33.580527847107305,-25.528701285431893
7,2024-10-09 00:00:00,48,62.425116921115354,932.6119140176446,908.0,135.2037712999834,140.0,24.611914017644608,-4.796228700016599
7,2024-10-09 06:00:00,54,45.59077005254335,929.8373042005607,909.0,136.41245740073424,140.0,20.837304200560652,-3.5875425992657597
7,2024-10-09 12:00:00,60,63.81919678020806,914.3358909978123,919.0,153.75520852805576,135.0,-4.664109002187729,18.75520852805576
7,2024-10-09 18:00:00,66,42.11173338329192,939.1496275852036,945.0,119.9949774843065,115.0,-5.850372414796425,4.994977484306503
7,2024-10-10 00:00:00,72,87.80826180410413,952.8666005905819,956.0,107.02570903425286,105.0,-3.1333994094180753,2.0257090342528556
7,2024-10-10 06:00:00,78,147.92184204145204,966.2419025862873,975.0,87.48907500202561,70.0,-8.758097413712676,17.489075002025615
7,2024-10-10 12:00:00,84,194.99196388178294,978.6664642258575,983.0,73.93967957725988,65.0,-4.333535774142547,8.93967957725988
7,2024-10-10 18:00:00,90,360.96326875134287,988.3097937112807,984.0,56.06143357176211,60.0,4.30979371128069,-3.938566428237891
7,2024-10-11 00:00:00,96,341.07382321543844,983.2129295423406,986.0,65.71935974791828,60.0,-2.7870704576594107,5.719359747918276
7,2024-10-11 06:00:00,102,358.7508736671625,985.5800039386052,993.0,62.272820141352824,55.0,-7.419996061394841,7.272820141352824
7,2024-10-11 12:00:00,108,484.31219051252134,979.2789757411059,997.0,69.23443669154358,55.0,-17.72102425889409,14.234436691543578
7,2024-10-11 18:00:00,114,634.1611962524368,983.4575135365305,999.0,67.30739006533373,50.0,-15.542486463469459,17.307390065333735
