track_id,lat,lon,valid_time,minimum_sea_level_pressure_hpa,maximum_sustained_wind_speed_knots,radius_of_maximum_winds_km,radius_34_knot_winds_ne_km,radius_34_knot_winds_se_km,radius_34_knot_winds_sw_km,radius_34_knot_winds_nw_km,radius_50_knot_winds_ne_km,radius_50_knot_winds_se_km,radius_50_knot_winds_sw_km,radius_50_knot_winds_nw_km,radius_64_knot_winds_ne_km,radius_64_knot_winds_se_km,radius_64_knot_winds_sw_km,radius_64_knot_winds_nw_km,prob_cyclone_exists,lead_time,init_time,member
2024279N21265,22.5,266.5999984741211,2024-10-07 00:00:00,981.0,75.0,27.77998988808368,111.11995955233472,129.63995281105719,129.63995281105719,129.63995281105719,55.55997977616736,55.55997977616736,74.07997303488982,74.07997303488982,0.0,37.03998651744491,37.03998651744491,0.0,1.0,0 days 00:00:00,2024-10-07,0
2024279N21265,22.46780776977539,267.2181396484375,2024-10-07 06:00:00,984.5469518651361,65.72768289650469,44.7387662428344,86.85226302155415,105.79371385233004,93.42545210454996,85.7610107578221,0.20714268917247702,0.3272734321492945,0.38945705488373905,44.7387662428344,0.20714268917247702,0.3272734321492945,0.38945705488373905,44.7387662428344,0.00013171505289029677,0 days 06:00:00,2024-10-07,0
2024279N21265,21.828914642333984,268.32611083984375,2024-10-07 12:00:00,980.4885841109894,72.54569454401664,25.773951351608343,120.35572296924994,130.98765401906184,92.63457122422723,99.95038214590829,53.432543301294885,51.21396183350441,38.22231672034694,41.960259896942304,25.773951351608343,16.45607769569754,14.725282696287033,14.446625210131419,8.393931882553017e-05,0 days 12:00:00,2024-10-07,0
2024279N21265,21.893585205078125,269.1424560546875,2024-10-07 18:00:00,960.7019547499133,97.8662158096177,29.586414467117123,121.43375483789072,142.35653928823137,121.01393218101249,103.28643697907921,63.46443106078864,61.58508850788722,49.67701287108417,54.01934323246451,29.586414467117123,27.991893084947627,23.084188426006946,25.297562974060156,0.00010071651278189059,0 days 18:00:00,2024-10-07,0
2024279N21265,21.949661254882812,270.1846618652344,2024-10-08 00:00:00,939.4191843116822,120.24994408109018,0.0,121.73176509259636,165.4512819838551,128.48422183473346,116.7776488598357,74.74638135202825,75.20898290880567,66.06889453213871,68.32865871962268,49.20170564084293,47.326208590436885,39.905969010869654,43.96637917001951,0.00010939481627277573,1 days 00:00:00,2024-10-07,0
2024279N21265,22.041015625,271.1321105957031,2024-10-08 06:00:00,937.307297945059,125.6697314548037,10.10741553397338,155.7310512558688,197.56017657117445,178.81351832434757,139.59701922283784,76.372541529214,89.15830099014602,80.72564289619186,74.26050337125298,59.28976350958328,55.09676495629924,52.12657626970679,51.777632865604346,7.880233874898892e-05,1 days 06:00:00,2024-10-07,0
2024279N21265,22.107990264892578,272.0531005859375,2024-10-08 12:00:00,964.1241241052868,92.743634632305,0.0,128.64214568832193,148.09000298082083,102.92463605338156,95.96739518743,49.50448222486442,49.43428984620053,31.218826528237962,37.310969495059446,20.3496464505381,18.848137839709835,14.909266666462257,16.585649730665317,0.00010939269450758469,1 days 12:00:00,2024-10-07,0
2024279N21265,22.759279251098633,272.6525573730469,2024-10-08 18:00:00,941.7157504940074,119.29425935277467,10.579424231820823,166.076492578177,184.4213014543713,161.43472676661673,145.82419761800185,92.96534285636108,93.5593298176395,81.21598048695773,82.9371356120844,52.31344836072705,51.014097908384116,43.14713978320252,46.082107344803234,0.00011551313327432925,1 days 18:00:00,2024-10-07,0
2024279N21265,23.18539047241211,274.0660095214844,2024-10-09 00:00:00,952.524659961943,109.91809582042731,5.525275640221661,165.24188192432396,183.649745289649,135.1873386712562,124.72597613481148,70.23410229743068,70.0113544762821,53.323319592575345,58.047244275424255,34.57564452011363,32.44309643180832,27.901689695983887,29.50166243747299,0.00011018993870636047,2 days 00:00:00,2024-10-07,0
2024279N21265,24.370586395263672,275.0194091796875,2024-10-09 06:00:00,927.4093790150434,137.01751552138083,0.0,234.5289716841819,249.05069376423,170.10712397340401,191.13195381677053,113.19845139170847,105.73895494706534,84.48484083566365,96.14357599687534,67.70524612337343,63.4483059248977,51.50685443488744,59.85930891971934,0.0001252813874143561,2 days 06:00:00,2024-10-07,0
2024279N21265,25.60657501220703,275.37774658203125,2024-10-09 12:00:00,953.2589662661062,102.45251628139926,10.184938782843128,231.77274835952483,223.75622085206504,143.70840128094187,173.8033634042113,106.00959902423588,94.43445201281648,69.10647008541866,83.23995339883504,47.56454643276088,46.08520644239694,33.774780217997964,41.401623802547064,0.0001141260617054084,2 days 12:00:00,2024-10-07,0
2024279N21265,26.450035095214844,275.96990966796875,2024-10-09 18:00:00,953.0117258994314,103.4860596353138,44.38485878018522,266.300636723417,288.0700428039253,249.57363910014004,228.1659273406495,145.46973610927762,151.9645214752336,133.75565171799747,132.34539041991798,87.53699563922028,84.2470998145375,73.58816333822341,76.30730319088676,0.0001190761163395863,2 days 18:00:00,2024-10-07,0
2024279N21265,27.60131072998047,277.1270751953125,2024-10-10 00:00:00,963.1144817388363,92.14403832003833,27.046068399225927,315.1431280786162,326.7554794663239,258.9340045403578,264.42250490020047,163.882955920982,162.91420429997623,135.46172982648022,142.86743842297636,79.31630780348682,76.45841280652041,63.974402777440595,68.00516466100801,9.85740587176013e-05,3 days 00:00:00,2024-10-07,0
2024279N21265,28.28199005126953,278.60076904296875,2024-10-10 06:00:00,978.349796799398,68.5809393826153,36.373427249632456,136.292530456402,152.34511619917285,113.06194786454542,100.6491470463334,50.231628642245,50.38289322365341,33.75303387777986,36.63109918670305,36.373427249632456,9.31425075704771,7.948173673109931,6.824999258990091,0.00012512532469965114,3 days 06:00:00,2024-10-07,0
2024279N21265,29.377973556518555,279.91522216796875,2024-10-10 12:00:00,977.4718599709638,68.24091083320509,50.10090449316515,396.6771318405765,386.2645832597202,307.8644592932525,334.3582002990735,200.2690660701249,192.65334822336007,157.5439870209479,170.33869184737648,78.6417785813553,77.27387334461308,62.62106090047623,66.64995997131976,0.00010825845576530888,3 days 12:00:00,2024-10-07,0
2024279N21265,29.21640968322754,281.5802307128906,2024-10-10 18:00:00,992.5231622818704,52.67035808284796,68.51980498316762,297.40946967862226,299.88084170244116,232.19715246286952,248.02154699205795,109.77652875582007,101.78434417943511,71.82854576793903,84.0145247809796,0.0,0.0,0.0,0.0,0.00013791232826040144,3 days 18:00:00,2024-10-07,0
2024279N21265,30.313743591308594,284.1684265136719,2024-10-11 00:00:00,989.7267948444688,54.28966625555521,83.30343645821948,99.41088056591235,110.84027195628312,85.02678928454982,79.31383234294053,6.144359875099209,83.30343645821948,2.8713377507970037,2.0940347930398087,0.0,0.0,0.0,0.0,0.00010147613182471597,4 days 00:00:00,2024-10-07,0
2024279N21265,29.544958114624023,286.0610046386719,2024-10-11 06:00:00,989.3198979089703,46.9762729565027,100.08914540709465,128.26163443481633,131.02186795771533,121.86625654375072,116.66541469531361,0.0,0.0,0.0,0.0,0.0,0.0,0.0,0.0,0.0001129966578697279,4 days 06:00:00,2024-10-07,0
2024279N21265,29.59961700439453,287.8435363769531,2024-10-11 12:00:00,996.0841444294508,44.53383024664191,77.5957096421634,77.5957096421634,40.99586020039703,29.942937319586,34.56108037258164,0.0,0.0,0.0,0.0,0.0,0.0,0.0,0.0,2.9622488932561483e-05,4 days 12:00:00,2024-10-07,0
2024279N21265,28.713573455810547,289.13092041015625,2024-10-11 18:00:00,1002.849266783804,33.444039801899926,65.02579793669221,0.0,0.0,0.0,0.0,0.0,0.0,0.0,0.0,0.0,0.0,0.0,0.0,2.148377630746269e-05,4 days 18:00:00,2024-10-07,0
2024279N21265,22.5,266.5999984741211,2024-10-07 00:00:00,981.0,75.0,27.77998988808368,111.11995955233472,129.63995281105719,129.63995281105719,129.63995281105719,55.55997977616736,55.55997977616736,74.07997303488982,74.07997303488982,0.0,37.03998651744491,37.03998651744491,0.0,1.0,0 days 00:00:00,2024-10-07,1
2024279N21265,21.940563201904297,267.4254455566406,2024-10-07 06:00:00,978.8502605241663,75.5643888608345,23.640745137543917,115.19101157925692,119.99403894258624,100.40292689557039,94.17495876938813,47.86748585960093,45.68657119465548,32.95416629024729,37.23874766965612,23.640745137543917,13.778878569153553,11.396860561206296,12.119475934722352,9.542790640070275e-05,0 days 06:00:00,2024-10-07,1
2024279N21265,21.941743850708008,268.07843017578125,2024-10-07 12:00:00,961.5214399078321,96.57305362384476,45.60359032915524,132.3666440055767,168.49280260333722,129.28139084698148,111.21472599709121,65.14263441752894,62.37247705547485,45.53426503278827,51.7019755641943,23.698619470487337,45.60359032915524,16.971233312836688,20.204047945241573,0.00010517151056926032,0 days 12:00:00,2024-10-07,1
2024279N21265,21.733869552612305,269.4065856933594,2024-10-07 18:00:00,953.6040620924892,108.40887408680027,27.13094372350905,159.99597501708138,166.55389178086068,116.02128322772978,127.44620539014609,83.11605284870673,75.01293815401027,58.43392265213951,69.41263052636282,41.18960659873244,38.838970669662864,30.678937252606488,36.09836680872683,0.0001272862532376581,0 days 18:00:00,2024-10-07,1
2024279N21265,22.05448341369629,269.87310791015625,2024-10-08 00:00:00,950.4237149927676,115.61806939701435,25.59007315126715,183.59731535622888,199.5669379193327,167.49526979654792,159.0570133816273,97.10910576799259,100.67525950415506,87.56044116562919,88.89625148880408,57.5552212022847,54.22432082935442,48.03117369104571,49.88666178285778,0.00010051736686938393,1 days 00:00:00,2024-10-07,1
2024279N21265,21.7997989654541,270.4917297363281,2024-10-08 06:00:00,966.8640027813955,94.38638623667657,21.011373618691557,191.77361418821056,204.67980859407078,163.60326251330514,168.0411159687028,89.1139504369832,85.49692460049044,68.0003643765805,74.85399399171864,38.000662119457296,36.34320459089271,29.886377206050355,32.49055219297505,9.508365150321711e-05,1 days 06:00:00,2024-10-07,1
2024279N21265,21.87822723388672,271.36279296875,2024-10-08 12:00:00,929.5149529929922,139.55868744707487,14.673527515366843,144.01252880786376,175.83730712086896,145.42374294717223,128.897698085206,78.2785944808248,83.71740528520812,71.80438951584757,72.56215355106434,55.2580152573059,53.09170237872732,45.74712581712813,49.85247279623564,0.00010640022019737597,1 days 12:00:00,2024-10-07,1
2024279N21265,22.698898315429688,272.8122253417969,2024-10-08 18:00:00,954.9545163525344,98.8158094599012,42.69376846883411,186.26082628471025,194.7256463588268,149.00732906978777,148.96602834205885,98.4381552790727,94.87410781280852,77.21952267482264,84.78723784982472,49.873347553207054,48.10218326784758,39.060291851998144,43.45486887108146,8.039499249698616e-05,1 days 18:00:00,2024-10-07,1
2024279N21265,23.598608016967773,273.69549560546875,2024-10-09 00:00:00,940.7162352389896,117.22727365942379,30.242762929474353,223.19384324707892,225.72302771757882,183.98635308145867,190.55177438015602,113.07728987335726,108.49779281971018,93.41911956398533,100.46298018135643,68.32730958544725,64.64124663876686,54.634082475561776,60.72801352850851,9.106692160982486e-05,2 days 00:00:00,2024-10-07,1
2024279N21265,24.275976181030273,274.7287292480469,2024-10-09 06:00:00,914.356657468529,149.64327683077312,11.761621299889619,235.3719904208789,238.56190911957285,187.58015324876035,203.0451316150853,113.39969384597582,108.84346483970145,93.41166950219512,102.41820335646679,74.60106297831246,68.97080380874516,59.480098494389885,66.35274340591167,0.0001201135979773277,2 days 06:00:00,2024-10-07,1
2024279N21265,25.511844635009766,275.2705383300781,2024-10-09 12:00:00,939.827551810544,122.12978606719392,9.708678961640373,192.337220650244,194.76302103331423,141.71787568577435,161.88457399069335,95.62637173158629,92.04708499575617,75.20763304096948,83.36176554147711,54.08078025369369,50.79418463832806,43.20492346736836,46.96990478317819,0.00010932474773861778,2 days 12:00:00,2024-10-07,1
2024279N21265,26.32193946838379,275.5067443847656,2024-10-09 18:00:00,958.2556476288079,93.76757309907809,27.02299983746539,259.09005252638167,259.5074929345192,199.37119300553522,218.440766653124,132.32663673587479,122.87535798922237,96.90602747613252,110.16420168454952,57.730408092559045,54.97571874672963,44.5222626362098,49.66988103627957,0.00013340512827271817,2 days 18:00:00,2024-10-07,1
2024279N21265,27.516252517700195,276.6298522949219,2024-10-10 00:00:00,951.8722764487052,97.74838417205137,48.402192761388875,293.40878481960317,288.60824267726855,243.9500087568349,253.29739968238076,162.08757131405466,161.00337555771674,138.55477850634117,144.84578802728868,85.45880004028349,82.39737830267629,69.37738782263582,74.66669415464946,9.42513967256919e-05,3 days 00:00:00,2024-10-07,1
2024279N21265,27.780282974243164,277.0606994628906,2024-10-10 06:00:00,971.2848534874747,79.27224415510723,35.949540186562764,342.6039204918079,362.48819356679064,321.6059528851209,316.50074982283405,207.5824463746735,204.15978851327912,174.15211252582503,181.28670033817238,93.22298730547851,90.82660550414121,76.58467840928628,79.58103171045973,0.00013319471372154047,3 days 06:00:00,2024-10-07,1
2024279N21265,27.72292709350586,278.03277587890625,2024-10-10 12:00:00,987.1656011274018,52.41866411951452,44.59228668176326,82.22078566476875,84.91820750250596,69.21161514770819,62.1628429386017,44.59228668176326,17.48287604306144,11.061704616714962,10.909669758615022,0.0,0.0,0.0,0.0,0.00011058083517401523,3 days 12:00:00,2024-10-07,1
2024279N21265,28.213274002075195,279.1836853027344,2024-10-10 18:00:00,990.5713503568398,48.780079195234016,114.19994011086625,214.62186179084244,209.19351163690567,179.24998919984913,185.9284410488351,0.0,0.0,0.0,0.0,0.0,0.0,0.0,0.0,0.00010236008116342036,3 days 18:00:00,2024-10-07,1
2024279N21265,28.388965606689453,281.4488525390625,2024-10-11 00:00:00,993.9308120614508,52.58702873566507,95.91387343792832,351.1688863072379,344.3015880155638,299.35973737890026,305.96567571644124,95.91387343792832,0.0,0.0,0.0,0.0,0.0,0.0,0.0,0.0001293885594566079,4 days 00:00:00,2024-10-07,1
2024279N21265,28.357234954833984,283.16168212890625,2024-10-11 06:00:00,994.1233224343346,54.98533522907323,92.99238628938687,407.1953323653013,402.1436152403054,347.532826206346,348.8910255838962,7.096087965710328,92.99238628938687,4.822552973113998,4.192336751911142,0.0,0.0,0.0,0.0,0.00011323994163493033,4 days 06:00:00,2024-10-07,1
2024279N21265,29.423059463500977,286.47613525390625,2024-10-11 12:00:00,993.0610422068278,49.15155206551474,160.85767791043185,367.4916834932339,357.96734991849183,311.22926721426444,312.40944565928714,0.0,0.0,0.0,0.0,0.0,0.0,0.0,0.0,0.00010352609296462626,4 days 12:00:00,2024-10-07,1
2024279N21265,29.431119918823242,288.77032470703125,2024-10-11 18:00:00,988.443939375554,56.34305128251048,133.95091509984118,295.1813957241911,291.9797429524392,246.5693259672231,253.49624372902343,0.0,133.95091509984118,0.0,0.0,0.0,0.0,0.0,0.0,0.00011530268098305394,4 days 18:00:00,2024-10-07,1
2024279N21265,29.261266708374023,290.4961853027344,2024-10-12 00:00:00,994.2396423767184,48.00880647187705,127.56460658026677,311.59557841293343,307.10864223260444,266.031779843871,267.71012131351307,0.0,0.0,0.0,0.0,0.0,0.0,0.0,0.0,0.00012065090583481104,5 days 00:00:00,2024-10-07,1
2024279N21265,22.5,266.5999984741211,2024-10-07 00:00:00,981.0,75.0,27.77998988808368,111.11995955233472,129.63995281105719,129.63995281105719,129.63995281105719,55.55997977616736,55.55997977616736,74.07997303488982,74.07997303488982,0.0,37.03998651744491,37.03998651744491,0.0,1.0,0 days 00:00:00,2024-10-07,2
2024279N21265,21.99958038330078,267.59588623046875,2024-10-07 06:00:00,990.0489059944132,62.59111149073509,0.0,132.8519653743014,132.52424330377607,98.9454496492558,108.80199577540674,41.812290238248586,37.582542507910006,19.942109114206737,27.728317119950663,0.0,0.0,0.0,0.0,0.00011135998827363384,0 days 06:00:00,2024-10-07,2
2024279N21265,21.860322952270508,267.9402160644531,2024-10-07 12:00:00,968.1339275286664,92.40961352666727,13.51464311094768,157.99664853853142,188.40901862482212,156.163976749064,143.55695209592307,91.54318431839776,93.27402308521233,79.24859685871013,80.7767372107092,47.56727946790539,47.94249955016128,38.53264998166297,42.26225107593971,7.16686428872438e-05,0 days 12:00:00,2024-10-07,2
2024279N21265,21.86296844482422,268.8573913574219,2024-10-07 18:00:00,972.0772963516245,82.42039048964078,21.578012938979803,149.2119898213851,159.9571534974302,136.95883413329432,127.83801199339146,63.03229367440772,65.12948376867229,49.05018652248343,52.72179383513856,23.760745363873397,22.698220292450706,19.308224671255456,19.291243670707548,0.0001089196945302282,0 days 18:00:00,2024-10-07,2
2024279N21265,21.964324951171875,270.3100891113281,2024-10-08 00:00:00,931.7378255628337,132.80370292480376,23.358734222007982,127.6652304049478,164.92565922197468,127.61365629348222,117.96244874326747,68.53411993099175,70.21239650657519,58.79234631746102,62.11056637468644,47.82685275110619,43.47042451508418,39.0502463338827,41.773910053588295,7.438291324618184e-05,1 days 00:00:00,2024-10-07,2
2024279N21265,22.153614044189453,271.1324768066406,2024-10-08 06:00:00,979.417506844439,77.84930605350974,20.822023199896005,147.12255809371462,170.5721185474174,149.49614537232532,128.16809399002898,82.27180182415015,83.9971529128954,69.69070474977974,70.11577414241657,33.67586922274765,33.9100118039212,27.905279188187446,28.320735072129168,0.00014730421263735026,1 days 06:00:00,2024-10-07,2
2024279N21265,22.650331497192383,271.5130920410156,2024-10-08 12:00:00,950.8758334411364,104.02967578150677,27.60232605300082,153.92324172762903,156.73229343714837,120.1359870972791,128.9172755047527,78.98184755289674,70.68874845405003,59.291919948452545,67.6182281103696,44.88067067246231,42.905834699977206,34.329904900079626,40.713457341432694,0.00010431072335532783,1 days 12:00:00,2024-10-07,2
2024279N21265,23.01495933532715,273.0887756347656,2024-10-08 18:00:00,940.2177243638678,123.25686402944646,33.062718333446476,197.85774030862797,240.74810491677738,178.26950842723224,172.0164543206835,133.02495539566556,135.29919729729556,119.88094930142246,121.83923989642209,88.73508290446301,88.34547707247417,71.52290234855109,79.79472745587977,0.00010879645821233192,1 days 18:00:00,2024-10-07,2
2024279N21265,23.884431838989258,274.1869201660156,2024-10-09 00:00:00,917.4708137116295,147.07310762917865,9.277571176221272,227.3073497050218,239.14924716012362,194.91252214592004,202.47429345731018,121.27934006480973,124.13657509038143,109.08630420834085,112.19684380687701,82.9491350340926,75.31780418039465,68.97755643842498,72.16044712129974,0.00013091904514990913,2 days 00:00:00,2024-10-07,2
2024279N21265,24.62025260925293,274.6406555175781,2024-10-09 06:00:00,933.1207452310962,130.04405716926368,52.16758525266623,290.66384364470287,301.6019436497848,262.85963829668566,256.71341983836817,153.87411796097715,154.97870739997663,136.82913320466724,141.06593244556746,92.83220537518433,87.89184778995413,77.17621835971374,81.82293595522324,0.00011028966001708851,2 days 06:00:00,2024-10-07,2
2024279N21265,26.138473510742188,275.84796142578125,2024-10-09 12:00:00,935.2157042810588,125.42918179093802,14.016652196344662,262.88183060643814,255.96473941880055,185.98076353389723,213.97286287277092,140.3788108940463,133.9534553854119,109.06202925142695,123.38041931990826,80.78930554106014,75.66441507678576,62.04431104604359,70.9600633284586,0.00011322770574528288,2 days 12:00:00,2024-10-07,2
2024279N21265,27.815839767456055,276.0954895019531,2024-10-09 18:00:00,945.1341963699151,112.62114296094992,37.90385799185084,261.02028192664255,259.79427079032246,210.56969693123492,227.75098859554498,142.1914694847531,137.28690936866866,116.2348137147338,126.64534868982764,81.0400409337226,75.98964036921662,64.83830487187609,70.88943164514353,0.00011031219757656765,2 days 18:00:00,2024-10-07,2
2024279N21265,28.473590850830078,277.1023864746094,2024-10-10 00:00:00,956.0907765871198,93.28615287965296,30.621159781498836,233.44580221811654,229.42060203900175,147.26288282217172,176.47169695650166,93.25633624992808,85.06899500492031,61.59322774124254,75.06138777570142,41.3790229617192,39.67931894079828,29.790329884115085,36.09688996335727,0.00012856011123512086,3 days 00:00:00,2024-10-07,2
2024279N21265,29.694904327392578,277.83782958984375,2024-10-10 06:00:00,955.1087032399184,93.72729437784409,52.34882182073905,275.5197343463183,276.66224091048804,239.25787482743706,231.9224693941748,143.94057826991707,145.54828096134412,123.13681491855866,126.8131387841037,71.82188354137305,70.49532125081194,58.84077800355366,62.80345649665257,9.638758021196858e-05,3 days 06:00:00,2024-10-07,2
2024279N21265,30.0111083984375,279.443359375,2024-10-10 12:00:00,984.1478224640159,58.47112664894121,82.16342518649253,218.18562067485254,227.92160023027463,169.69564155578337,166.50945537238658,82.16342518649253,71.53291481692031,52.07904019989985,56.529950499010056,0.0,0.0,0.0,0.0,0.00011417579625842906,3 days 12:00:00,2024-10-07,2
2024279N21265,30.161849975585938,281.3840637207031,2024-10-10 18:00:00,984.6127298085995,59.38145236746294,75.18406350189315,134.31791472456746,161.16981967955934,127.1758320803471,101.91314415420823,75.18406350189315,42.86745845310922,27.45537835710842,30.37622034880625,0.0,0.0,0.0,0.0,9.654099588534295e-05,3 days 18:00:00,2024-10-07,2
2024279N21265,30.652124404907227,283.83502197265625,2024-10-11 00:00:00,987.0410691226984,64.8254450615378,41.58301842003554,282.75299278410915,280.7014284443585,225.39200478218353,239.3080148180049,147.72060794647663,144.18240807851436,115.97390664308327,123.98118680597389,52.64429298155753,52.331136727805486,42.301269480226615,44.257013227288155,0.00014374254510114218,4 days 00:00:00,2024-10-07,2
2024279N21265,30.585176467895508,286.7974853515625,2024-10-11 06:00:00,987.0852011765488,56.58079366035719,131.49619342369135,160.65065532055297,166.7064954740686,134.76534027664812,133.55620037075298,0.9547100995938308,131.49619342369135,0.3855866107937165,0.1293870579976717,0.0,0.0,0.0,0.0,8.930716061352181e-05,4 days 06:00:00,2024-10-07,2
2024279N21265,29.66391372680664,289.0117492675781,2024-10-11 12:00:00,993.195430249279,47.02266901297912,74.5288022070805,76.73929354603256,81.71831411326563,76.92943235947692,61.40206399551092,0.0,0.0,0.0,0.0,0.0,0.0,0.0,0.0,5.5978253384038095e-05,4 days 12:00:00,2024-10-07,2
2024279N21265,30.93075942993164,293.2058410644531,2024-10-11 18:00:00,991.1042117415856,43.484935394340575,115.06650954887418,174.6619217782615,180.69679292862028,144.84691084953727,141.12730293972734,0.0,0.0,0.0,0.0,0.0,0.0,0.0,0.0,0.00014516342739560127,4 days 18:00:00,2024-10-07,2
2024279N21265,32.12495040893555,296.8723449707031,2024-10-12 00:00:00,996.9191564873238,40.519430636841065,155.97808855891424,6.410881481823823,155.97808855891424,3.2674302838373395,0.0,0.0,0.0,0.0,0.0,0.0,0.0,0.0,0.0,8.787012254240276e-05,5 days 00:00:00,2024-10-07,2
2024279N21265,22.5,266.5999984741211,2024-10-07 00:00:00,981.0,75.0,27.77998988808368,111.11995955233472,129.63995281105719,129.63995281105719,129.63995281105719,55.55997977616736,55.55997977616736,74.07997303488982,74.07997303488982,0.0,37.03998651744491,37.03998651744491,0.0,1.0,0 days 00:00:00,2024-10-07,3
2024279N21265,21.933427810668945,266.98455810546875,2024-10-07 06:00:00,976.3321566527511,84.23678110621553,16.869079430962636,63.26040467599882,73.62550309788001,71.74678562029882,62.378845300846635,20.565441765254405,18.629950139542675,11.878337137293538,15.162586478845213,16.869079430962636,2.108723230442264,2.307638757605656,2.174006846714585,8.905110355896655e-05,0 days 06:00:00,2024-10-07,3
2024279N21265,21.901948928833008,267.9116516113281,2024-10-07 12:00:00,970.7127596231337,86.69019106564924,37.30884903992775,132.2870311659702,145.61851538019172,111.3020872435232,112.37152521274366,62.6828653952424,59.79843850820452,43.03959444534169,50.98389222654002,37.30884903992775,21.777033020396637,17.09537456151865,19.133770686044663,9.271700451941251e-05,0 days 12:00:00,2024-10-07,3
2024279N21265,21.65843963623047,268.3893127441406,2024-10-07 18:00:00,942.8104326484176,120.19114009567751,7.101242677221108,155.46053765139874,183.4707153113088,165.78501790918978,149.70642805584214,89.55489632838797,92.36518063819213,81.11735730778352,81.87877054080079,54.93156483018987,50.24498620398455,46.502271880355494,47.736306029153,9.874407845342114e-05,0 days 18:00:00,2024-10-07,3
2024279N21265,21.915325164794922,269.55023193359375,2024-10-08 00:00:00,935.7408305800789,124.15726673748078,30.19266164778866,122.56382888294908,145.68714743366553,112.71487274422178,113.95416289561345,60.85649148675484,59.498846230909024,47.68483017219913,54.090211713808635,38.263675921189886,33.176004847406006,31.256148332503955,33.19588919914993,8.755924472549813e-05,1 days 00:00:00,2024-10-07,3
2024279N21265,22.183719635009766,270.5738220214844,2024-10-08 06:00:00,919.6017675239325,150.98238149501822,37.11728941323831,171.7457027362754,198.38671075727476,170.47899993246153,164.77778305027743,87.54810087058043,89.7023267880524,78.02806931553863,82.5204288063713,62.18949964050055,56.73311851363729,52.32382885975253,55.08125038007054,9.977618676525596e-05,1 days 06:00:00,2024-10-07,3
2024279N21265,22.15571403503418,271.4586486816406,2024-10-08 12:00:00,943.5400771658313,126.14081162290888,9.170117369580266,205.71428904087145,209.30470472449912,185.2934386578355,190.09601929124813,117.45980941241058,116.04361295488302,102.04490600725484,106.35779553696774,66.25570688517017,63.21915768770948,54.593427272881414,58.486244002300545,0.00010498655172844323,1 days 12:00:00,2024-10-07,3
2024279N21265,22.8862247467041,272.9150695800781,2024-10-08 18:00:00,968.5533459728101,84.11778696302771,23.334234252345276,250.2069328596835,258.08359066449606,195.18520505813632,194.58972361188427,120.73210686890665,117.86651373534889,92.5263087822427,99.37049112034747,46.869956844786074,44.90573239797339,37.48312834512111,39.11195313776739,9.858974956932156e-05,1 days 18:00:00,2024-10-07,3
2024279N21265,23.76555061340332,274.1177673339844,2024-10-09 00:00:00,957.1781666730335,106.30616062934982,37.519362169573185,240.83292910049533,262.11379061493255,201.49697314476103,199.35820955674313,138.2740747222478,136.94651490662164,116.38935055085273,121.27853457293305,75.62994021740528,73.41300611414066,60.81540333783652,66.2194251951292,0.00010898947464949085,2 days 00:00:00,2024-10-07,3
2024279N21265,24.2972354888916,274.8753356933594,2024-10-09 06:00:00,935.4142666351385,132.30891854124135,24.98501354491379,248.05109617721462,238.53300866019146,192.06238337318362,204.42388491120795,81.98863884926752,77.099681387421,61.23323892054577,71.16900063149794,47.68359414704391,43.607344582462105,37.495961737028736,42.34572784852458,0.00010156187231029687,2 days 06:00:00,2024-10-07,3
2024279N21265,25.774194717407227,275.98663330078125,2024-10-09 12:00:00,944.9220083211726,113.26529175621724,0.0,227.56352425152767,215.2570563877456,153.7097122177491,175.6398355987995,103.17026698697887,97.52739413319463,74.37637661059503,85.55161219649875,54.95804555527485,51.18567629553792,41.75427928208225,48.01849385246599,0.00012664113227420232,2 days 12:00:00,2024-10-07,3
2024279N21265,27.19965171813965,277.1349182128906,2024-10-09 18:00:00,964.8347173977024,91.48175930359413,14.5989149077266,181.75841756451086,164.72069608777426,117.70178991302738,129.62239234668354,84.39318947930224,74.79794082531167,59.745204765851035,69.17344312752635,43.47453517513044,41.245805699325324,31.187695578895607,38.43463512648543,0.00012165570086504189,2 days 18:00:00,2024-10-07,3
2024279N21265,27.75705337524414,278.4806823730469,2024-10-10 00:00:00,988.0290149555938,53.13183096634155,51.20055078166988,90.39856491842141,88.36301621241111,55.09259904956821,53.45444974430152,51.20055078166988,21.317291058362887,10.687116900666773,14.161368880117601,0.0,0.0,0.0,0.0,8.033287893733045e-05,3 days 00:00:00,2024-10-07,3
2024279N21265,29.576797485351562,279.8041076660156,2024-10-10 06:00:00,975.7935540135404,73.239173784652,54.39420353742876,300.4161710678683,293.26773580699967,229.55060602309456,253.4572036377255,150.98289800487524,143.3276694700309,114.03587286125078,126.9626604730533,57.43348666178811,56.24589903385969,44.29612626890223,48.805571868672956,0.00015365579448204942,3 days 06:00:00,2024-10-07,3
2024279N21265,29.680551528930664,280.3071594238281,2024-10-10 12:00:00,981.4119133683755,71.19898998009037,57.79152070986184,333.31070214999835,339.8382667744869,292.87883226618396,295.51829654084304,185.90269013512255,183.79080989052198,153.37143609029238,159.92793940343583,76.51801578138988,77.55779980801887,62.698995339496825,66.34578021700852,6.869354741877776e-05,3 days 12:00:00,2024-10-07,3
2024279N21265,30.17066192626953,283.1651916503906,2024-10-10 18:00:00,979.6716971730817,69.24722896536112,61.15429768303318,523.313015844667,551.4975499149915,463.1875012549526,473.7552025477024,332.2481785644441,332.7431094112953,285.00370754434425,293.50705459909096,151.60455290188276,149.11161150733577,125.464099988404,130.25561495963314,0.00010043987376963471,3 days 18:00:00,2024-10-07,3
2024279N21265,30.42538070678711,285.4354553222656,2024-10-11 00:00:00,984.0303914941147,65.4543042118975,73.28007397578045,295.24523903200685,315.529556727497,252.31388658844722,255.4835706080044,160.4798124027275,156.98901735170597,125.26099344857337,134.15921426636817,73.28007397578045,55.120240701682725,45.279108065764945,45.900771799319536,0.00011389077493726419,4 days 00:00:00,2024-10-07,3
2024279N21265,30.342424392700195,287.9452209472656,2024-10-11 06:00:00,985.5952163730674,52.54822829589307,166.7794835952482,353.54973697504306,376.95439413129725,335.7580760121606,307.24699776128506,2.1392280434046995,166.7794835952482,4.496679403771858,1.4528274267581878,0.0,0.0,0.0,0.0,8.831014943358047e-05,4 days 06:00:00,2024-10-07,3
2024279N21265,29.83835220336914,290.9643859863281,2024-10-11 12:00:00,984.6738776560356,67.45227677689083,161.71134339904722,506.7648664835254,499.1568846445995,437.42828142540657,439.1991793170313,0.3056626289115371,161.71134339904722,0.7839591375632697,161.71134339904722,0.3056626289115371,0.0,0.0,161.71134339904722,0.00010905905467101573,4 days 12:00:00,2024-10-07,3
2024279N21265,30.52998161315918,293.7908020019531,2024-10-11 18:00:00,992.5900958016471,52.74063231232533,168.43329598756944,379.3380513801925,370.9360577260944,314.8955812470904,313.67698449371676,8.548019115935029,168.43329598756944,5.2426198217784865,5.327193538310469,0.0,0.0,0.0,0.0,9.123481483641084e-05,4 days 18:00:00,2024-10-07,3
2024279N21265,31.262662887573242,296.68280029296875,2024-10-12 00:00:00,995.783012569871,49.6042533363368,117.2179082794181,412.32137456219925,407.08488605190405,336.86683492136547,353.2365157762894,0.0,0.0,0.0,0.0,0.0,0.0,0.0,0.0,9.802347981878863e-05,5 days 00:00:00,2024-10-07,3
2024279N21265,22.5,266.5999984741211,2024-10-07 00:00:00,981.0,75.0,27.77998988808368,111.11995955233472,129.63995281105719,129.63995281105719,129.63995281105719,55.55997977616736,55.55997977616736,74.07997303488982,74.07997303488982,0.0,37.03998651744491,37.03998651744491,0.0,1.0,0 days 00:00:00,2024-10-07,4
2024279N21265,21.93048858642578,267.1923828125,2024-10-07 06:00:00,962.1179507020202,104.50396273106469,13.741628168208194,102.02568544920291,123.78401388164741,99.78495422372453,90.63359895802046,52.241095035331426,47.87285151281907,37.53519489454263,42.25082606590581,23.719224848534537,23.777690619241127,17.233821909357268,21.13763408211311,0.0001205274964387985,0 days 06:00:00,2024-10-07,4
2024279N21265,22.030433654785156,267.9364929199219,2024-10-07 12:00:00,944.4140701899607,116.80464281917389,6.694949160512987,103.40641147371929,151.23926614405894,141.71963329417926,106.4196375932748,76.04570023266783,75.71122298052536,69.35806872462241,69.19047363109611,54.01523941429641,52.003076117218406,44.009781303972225,49.06502981856812,0.00011303825400508987,0 days 12:00:00,2024-10-07,4
2024279N21265,21.415393829345703,269.5498352050781,2024-10-07 18:00:00,962.2161210411941,96.04986585621617,0.0,89.6634873135917,95.37008303695646,74.61941316066088,75.97311487482291,43.031210525071614,39.347118042695804,31.147766403761505,37.87143433129893,23.396748582009156,21.163807001257723,18.28268967285908,20.73952690561505,0.00012851894119203012,0 days 18:00:00,2024-10-07,4
2024279N21265,21.83856773376465,269.9713134765625,2024-10-08 00:00:00,953.7847441824382,103.11130768468827,15.215930355065503,132.31737112213662,154.7507559547373,133.8882649750891,121.41478175983121,65.36398987098082,66.64419893121853,56.845066902024996,57.90780440449546,38.769773400981734,34.651913871507006,32.50990555340094,32.731741596769915,0.00010704335882456327,1 days 00:00:00,2024-10-07,4
2024279N21265,21.87540626525879,270.5614318847656,2024-10-08 06:00:00,971.4235722858184,83.81853570964668,20.0013078082697,176.3107009567192,174.18693006731473,139.09887765714464,138.9299625032,66.47758017460997,62.42042713817234,44.29278622690872,51.146702077880335,20.0013078082697,17.12520616960172,11.987279435301986,13.936915207376092,0.00011693507028794244,1 days 06:00:00,2024-10-07,4
2024279N21265,22.576824188232422,271.8027038574219,2024-10-08 12:00:00,936.7940017373257,123.7504848671785,20.25419970192562,138.47060780304346,151.14893816542408,108.67755733700771,115.63692168987566,80.16435407812355,72.84364051466574,60.22063171100367,70.93088516619478,49.71056476936113,47.98051669625427,37.3442076953132,45.08246215413385,0.0001163460515112904,1 days 12:00:00,2024-10-07,4
2024279N21265,22.97476577758789,272.9538879394531,2024-10-08 18:00:00,925.7973988426714,144.75341989336982,21.26766652047582,190.47504940256312,209.43656023020858,183.38493124308008,163.71054635337399,103.65579476107496,108.013033793819,94.25428467260099,96.99234155747192,73.90422063879546,68.37101102086778,61.765742907947256,65.62066771659104,0.0001236558815408383,1 days 18:00:00,2024-10-07,4
2024279N21265,23.7218074798584,274.0285339355469,2024-10-09 00:00:00,921.018950026706,137.72830319105765,2.687885496697035,189.73194807701051,199.27833088839614,150.3251579069485,166.02686347268107,92.60441416140574,90.5884569638891,73.8272470774445,82.71743842153165,61.740795430664726,55.88463246345695,49.358576222845336,54.341624350607624,0.00010486349945377706,2 days 00:00:00,2024-10-07,4
2024279N21265,24.150075912475586,274.3710021972656,2024-10-09 06:00:00,929.1908366277571,131.36034887527455,26.182271275916357,311.1904910894985,307.5008824100153,257.42760120781605,261.4733587507026,142.8564898755406,141.09627655907855,121.80614141192197,128.2428125033933,85.03578453965606,78.85559797383483,69.98437941635599,73.99957292074251,8.411598122434466e-05,2 days 06:00:00,2024-10-07,4
2024279N21265,24.976503372192383,275.20184326171875,2024-10-09 12:00:00,933.996699132449,135.21053452907026,24.36040173874442,243.20208544349737,251.3063386612054,167.94439799976357,185.0909135642773,106.94633252150834,100.84803509002693,81.4623363350037,90.3606489594997,65.79981563179693,61.64524226013118,50.78579607608821,57.01558195708281,0.0001049981203698999,2 days 12:00:00,2024-10-07,4
2024279N21265,26.734418869018555,275.98663330078125,2024-10-09 18:00:00,930.2801038921054,127.23721629738802,26.304632668881656,208.0219282990618,230.27609317153366,179.13858459181745,179.28450564238733,118.99930929968205,116.4787844018325,101.03182690380478,107.77323869367348,74.96356349171262,69.77081842207764,60.41636877485229,65.45707511529612,0.00012300104598970236,2 days 18:00:00,2024-10-07,4
2024279N21265,27.553991317749023,276.92529296875,2024-10-10 00:00:00,956.8241791117666,95.9856663181204,42.37850866837656,318.46651582371595,318.262769327512,264.0215355425703,280.24676699032636,177.97785197836689,174.63356936907334,150.73890671630903,160.49020174293992,96.44642965852046,91.71178898599035,78.02369895080953,84.52492677632256,8.582937575471096e-05,3 days 00:00:00,2024-10-07,4
2024279N21265,28.199872970581055,277.1592712402344,2024-10-10 06:00:00,977.5920815131524,73.82140941210132,61.04254598574499,251.41840691168767,239.56909353026637,167.56414806230953,183.795994629287,119.73869292174491,114.30491074121142,85.35437539027372,97.49336833939266,41.67106189393574,61.04254598574499,31.29107387689588,35.548437649115655,9.63049835878806e-05,3 days 06:00:00,2024-10-07,4
2024279N21265,28.8187255859375,279.08453369140625,2024-10-10 12:00:00,979.6206065832653,73.96877997267177,90.86951739844682,234.5900853682956,243.38037173232033,184.20246950524756,196.0658558826284,112.84350210399964,112.67154263906724,86.90317658704558,93.7892843258224,90.86951739844682,38.083327638104294,31.110573302942527,31.139892230825893,9.611213267454926e-05,3 days 12:00:00,2024-10-07,4
2024279N21265,29.644962310791016,280.9253234863281,2024-10-10 18:00:00,972.4305082786716,72.83660289415559,69.56321028087683,478.26885884580753,492.24715056214416,413.0087598399234,422.64058631707525,280.3134034059803,277.0147955379756,231.83975523608882,243.1783687201426,118.87573322952198,115.76716068056146,96.83987243244661,101.3743246496586,0.00012527782525078652,3 days 18:00:00,2024-10-07,4
2024279N21265,29.41327667236328,282.44683837890625,2024-10-11 00:00:00,977.9271015187998,72.99195637910476,92.15731578216615,548.6453183045711,573.7396578275417,475.22501001798787,495.7870681830743,305.08946332745734,301.7674006235015,251.5543714366723,263.47499225096124,123.16475015151306,121.25407026156415,101.47414433542134,104.25653891906559,9.815439927088031e-05,4 days 00:00:00,2024-10-07,4
2024279N21265,30.196619033813477,285.7484436035156,2024-10-11 06:00:00,985.6793158469704,63.116714007015815,59.83358933996949,467.670763133262,489.12482501492957,412.9214101597756,417.7098485743719,278.1608077641304,276.1059638430379,231.16123297743647,241.026143601005,0.0,0.0,0.0,0.0,0.0001454577696279124,4 days 06:00:00,2024-10-07,4
2024279N21265,31.18331527709961,288.6174621582031,2024-10-11 12:00:00,988.6103845139232,60.8324784588694,166.90052234536176,421.3939816316062,421.618527091213,358.54934835181786,356.1283593467458,0.6829089706910093,166.90052234536176,0.6329850905400964,0.0,0.0,0.0,0.0,0.0,0.00011378071834065486,4 days 12:00:00,2024-10-07,4
2024279N21265,31.92461585998535,291.7611999511719,2024-10-11 18:00:00,983.1262869157844,60.64854182416418,142.39765100068632,417.6043813854048,416.1865022287396,351.77390348690903,357.3581583056471,142.39765100068632,40.2959618823747,27.235116631699235,30.839127832458175,0.0,0.0,0.0,0.0,0.00011202193951009506,4 days 18:00:00,2024-10-07,4
2024279N21265,31.146015167236328,293.4488830566406,2024-10-12 00:00:00,987.9933824708393,60.28862273207839,118.0435600643113,570.9581327433775,570.4966168888146,482.66917681863185,498.74899006725553,185.81040379305804,180.64082511751377,144.9888809064615,155.707090398323,0.0,0.0,0.0,0.0,0.000108747370102832,5 days 00:00:00,2024-10-07,4
2024279N21265,22.5,266.5999984741211,2024-10-07 00:00:00,981.0,75.0,27.77998988808368,111.11995955233472,129.63995281105719,129.63995281105719,129.63995281105719,55.55997977616736,55.55997977616736,74.07997303488982,74.07997303488982,0.0,37.03998651744491,37.03998651744491,0.0,1.0,0 days 00:00:00,2024-10-07,5
2024279N21265,21.804759979248047,266.94891357421875,2024-10-07 06:00:00,963.5182277102358,89.20148462450588,41.79960392201962,49.511169678180046,72.20516995536441,77.16958390588456,56.62049195348811,41.79960392201962,41.79960392201962,27.550182414893914,25.77423028487886,41.79960392201962,16.137076762194653,18.574209862416428,16.617735093033122,0.00010167991920566582,0 days 06:00:00,2024-10-07,5
2024279N21265,22.06995964050293,267.7777404785156,2024-10-07 12:00:00,979.1034029690812,71.82304264153767,50.23356538118017,182.00578083152547,181.59890496257063,148.6889859127334,153.84137046513746,84.5043820083394,79.00147634941109,58.913831399714915,67.09945648207638,50.23356538118017,21.079254708561674,17.537213459503874,17.745433691330284,0.00011656505838875327,0 days 12:00:00,2024-10-07,5
2024279N21265,22.098665237426758,269.07098388671875,2024-10-07 18:00:00,988.8658518137902,64.814986524075,63.24211585133079,106.4414861560632,106.12545096265096,78.26987231172363,78.27671049340141,63.24211585133079,63.24211585133079,21.787714741289573,28.75517147919336,5.042029695214394,63.24211585133079,1.892422777218738,3.2718130512162515,0.0001175112537058576,0 days 18:00:00,2024-10-07,5
2024279N21265,22.106264114379883,269.9476623535156,2024-10-08 00:00:00,989.0512915706042,57.75689316053663,91.59255067496238,123.99378752821801,128.22593466317574,104.19658738906473,104.23210009210673,91.59255067496238,12.671047788014489,5.685739970279573,8.699343696351013,0.0,0.0,0.0,0.0,7.68306389397661e-05,1 days 00:00:00,2024-10-07,5
2024279N21265,22.037506103515625,271.1837463378906,2024-10-08 06:00:00,985.3925869012785,61.935973132676125,15.825057623268854,76.8355401724666,88.21287171371893,62.97421162832342,55.41978021671131,23.58902247478875,20.860989963571793,9.371958133504716,13.652183956238236,0.0,0.0,0.0,0.0,0.00012989606136398768,1 days 06:00:00,2024-10-07,5
2024279N21265,22.892061233520508,271.625244140625,2024-10-08 12:00:00,982.5865788409596,61.07895545319909,77.48577906673498,223.29803589318976,225.10221600355155,192.60680274167336,193.7914562542602,2.037608290615956,77.48577906673498,0.0,0.46885172519803686,0.0,0.0,0.0,0.0,0.00012919424463957838,1 days 12:00:00,2024-10-07,5
2024279N21265,23.673307418823242,273.3484191894531,2024-10-08 18:00:00,975.6812821481096,78.68290296993288,45.7277623458187,216.22935252976734,216.33929565017004,176.07714461362076,184.31564332861706,100.87841638133824,97.68341911524362,74.74688134097266,82.58666627374005,45.7277623458187,31.523058549946455,26.63788373925576,27.176297615681243,0.00011250690368471951,1 days 18:00:00,2024-10-07,5
2024279N21265,24.569339752197266,274.594482421875,2024-10-09 00:00:00,948.7092808338671,111.52993349658179,17.13134837241482,191.6119517916361,192.4771057539591,150.3946518905679,160.8250254888478,90.95570538708931,87.07093532374041,70.91244364988384,78.40615159806191,49.2461671815539,44.82039882456648,39.23035902653736,42.616459862972036,0.00012708792149620715,2 days 00:00:00,2024-10-07,5
2024279N21265,25.64226531982422,275.2674255371094,2024-10-09 06:00:00,955.7939128171256,97.12498879259395,12.842910115677896,264.1703317576512,233.9534597905086,160.49747666609414,209.90912709441002,116.7010194837149,101.02449023139462,75.03474433170666,94.43232330568864,49.81209019473234,46.35999831620977,35.17205212210798,43.03005094093122,9.387660111737949e-05,2 days 06:00:00,2024-10-07,5
2024279N21265,26.03778839111328,275.7843322753906,2024-10-09 12:00:00,936.5988206544039,116.42798391397189,40.981676514799446,188.84274680029398,204.0439760772047,176.45087021969286,156.10819628060102,84.34411664769632,91.6448753751793,76.58759179933072,76.4129814990336,50.49914079571692,46.70263053262932,43.81321400604822,43.45797424597407,0.00010507469976137557,2 days 12:00:00,2024-10-07,5
2024279N21265,26.78790283203125,276.4097595214844,2024-10-09 18:00:00,957.4308008435763,97.24976836823458,25.64708300842041,203.50737082135862,211.0165876176108,163.95519903762474,159.2493867460317,108.60410253943391,108.23683318612936,89.72131798063711,94.47463232609658,57.17038033494681,54.43675900022596,45.874722218858295,49.369201833424995,0.00010283141679153377,2 days 18:00:00,2024-10-07,5
2024279N21265,27.95357322692871,277.4599304199219,2024-10-10 00:00:00,971.2836757016321,83.20020793348283,55.46022974661983,254.37890147385832,265.7290935208151,207.64314513026704,211.2406989546337,94.87401726786283,93.27291341521207,72.17093707647787,77.21609276907942,55.46022974661983,36.73943402974202,29.701512739397756,31.169985646936624,0.00011384699364961819,3 days 00:00:00,2024-10-07,5
2024279N21265,27.87885093688965,278.36688232421875,2024-10-10 06:00:00,989.795302268607,47.02436459950435,161.5079017512802,429.60035313059507,429.2145004820143,357.27420513156864,356.8862141056812,0.0,0.0,0.0,0.0,0.0,0.0,0.0,0.0,0.00010058645771835885,3 days 06:00:00,2024-10-07,5
2024279N21265,28.493030548095703,279.9060974121094,2024-10-10 12:00:00,992.2507409443363,47.807439976704806,80.24492838330649,202.60857687802633,213.31521911125253,162.9568359274422,160.03531886436656,0.0,0.0,0.0,0.0,0.0,0.0,0.0,0.0,8.844244895626595e-05,3 days 12:00:00,2024-10-07,5
2024279N21265,28.914976119995117,281.69171142578125,2024-10-10 18:00:00,983.7117599902303,65.09381076803191,134.4981824073336,517.9157851334787,507.67184217743016,441.39222915226435,446.52635635559693,0.08022920085352736,134.4981824073336,1.832737475165812,0.4088306633832003,0.0,134.4981824073336,0.0,0.0,0.00010105995616330323,3 days 18:00:00,2024-10-07,5
2024279N21265,29.23576545715332,283.0730895996094,2024-10-11 00:00:00,989.916861436612,54.55018154807236,105.68796812475706,305.40134435407845,303.1479785060979,265.031442885907,270.71536006336754,105.68796812475706,0.0,0.0,0.010009975705520202,0.0,0.0,0.0,0.0,0.00011798335729720579,4 days 00:00:00,2024-10-07,5
2024279N21265,29.415287017822266,285.8494567871094,2024-10-11 06:00:00,991.8464331361204,50.07632240464288,111.92137967230708,254.2990222888489,256.71465383345037,228.41219874595856,220.3004299904407,0.0,111.92137967230708,0.7676995899558181,0.0,0.0,0.0,0.0,0.0,8.46338510447649e-05,4 days 06:00:00,2024-10-07,5
2024279N21265,30.301633834838867,288.97894287109375,2024-10-11 12:00:00,987.3496752864602,54.050475003488735,104.30734824039781,179.58628325305472,178.83132838510352,142.91800550368868,144.51786171875517,104.30734824039781,80.76330553302003,62.5480747729579,68.08841315938534,0.0,0.0,0.0,0.0,9.954276628397848e-05,4 days 12:00:00,2024-10-07,5
2024279N21265,30.64170265197754,292.021484375,2024-10-11 18:00:00,988.2461003901572,50.05674851294408,147.05069618500602,331.4542784244825,347.4641084366215,291.5982561192192,282.5076399694833,17.04931128616019,147.05069618500602,10.942435208377297,11.144475592705469,0.0,0.0,0.0,0.0,9.429542234631054e-05,4 days 18:00:00,2024-10-07,5
2024279N21265,30.71963882446289,295.2207336425781,2024-10-12 00:00:00,984.492381875247,57.281734131598405,67.40624133322669,206.86435585968331,212.10375891655815,181.0526198406983,174.26293306870267,0.19790274465808944,67.40624133322669,1.4592770975186742,0.0,0.0,0.0,0.0,0.0,0.00014966658097059817,5 days 00:00:00,2024-10-07,5
2024279N21265,22.5,266.5999984741211,2024-10-07 00:00:00,981.0,75.0,27.77998988808368,111.11995955233472,129.63995281105719,129.63995281105719,129.63995281105719,55.55997977616736,55.55997977616736,74.07997303488982,74.07997303488982,0.0,37.03998651744491,37.03998651744491,0.0,1.0,0 days 00:00:00,2024-10-07,6
2024279N21265,21.97465705871582,267.15618896484375,2024-10-07 06:00:00,984.1048024563587,68.48739382804382,13.738457329454452,122.39742070323345,132.86017462092812,108.31419371487324,101.69695639759351,42.81619430607019,38.758278331798785,20.46621702393508,27.306292679784455,13.738457329454452,0.0,0.0,0.0,0.00011530919202919919,0 days 06:00:00,2024-10-07,6
2024279N21265,21.515247344970703,268.11993408203125,2024-10-07 12:00:00,971.6087404077389,82.39490422138266,15.602338581520359,145.75707227747492,144.54288454376965,120.14493351697169,126.06608239303236,67.60015983506376,61.468835387422835,47.05066151240476,55.74042798750908,27.941065895166233,26.126450061982354,21.230964517934556,24.09172011876077,0.00013327294678432833,0 days 12:00:00,2024-10-07,6
2024279N21265,21.614322662353516,269.3309631347656,2024-10-07 18:00:00,968.5617582078501,90.66021567713338,9.80854501429794,170.72297750960408,179.04785623340078,153.52538355468835,155.1158404631866,87.58959814776338,87.9520864807113,73.02622411113293,76.76477842229622,43.10396022019514,40.66117870305005,35.27026958419865,36.800020657374496,0.00010605394483927557,0 days 18:00:00,2024-10-07,6
2024279N21265,21.871387481689453,270.03936767578125,2024-10-08 00:00:00,964.0231664079477,96.15541515634226,27.95678773796695,170.20460343364607,180.95225180075238,150.53858329131666,139.08828938444756,76.96646697526535,78.3657058645264,65.39875704757058,67.0735502950358,42.03912535650075,38.59114292556333,34.399915625525395,35.7664034121577,8.947249402614738e-05,1 days 00:00:00,2024-10-07,6
2024279N21265,22.08184242248535,270.7396240234375,2024-10-08 06:00:00,952.9159161090265,104.87613931325991,28.897742028376214,137.04404173127818,165.760697488683,147.6439415377442,133.39171159699026,72.54382434545336,73.70343615853085,62.51072154486391,64.95062705608214,39.82677684845355,36.97133778297034,34.281253264152696,34.11615466950974,0.00010577200759266654,1 days 06:00:00,2024-10-07,6
2024279N21265,22.17700958251953,271.89483642578125,2024-10-08 12:00:00,940.4732900773588,120.46912276531936,0.0,108.10170689376274,115.6074197217622,94.1730151891771,92.35818262284332,57.033570194210995,55.733732286290866,46.16718661769869,52.58806678978054,37.540113218449555,34.158059233752375,30.614546074995957,33.801110822929004,0.0001494820703499289,1 days 12:00:00,2024-10-07,6
2024279N21265,22.97761344909668,272.6125183105469,2024-10-08 18:00:00,949.3881436437024,108.3958884095223,10.834028775404775,158.0828614560201,173.73902786483274,133.27951106138346,124.43163461126753,82.31132162883993,79.31439101398054,66.11989668220737,71.50521137781607,48.39285320035755,46.98140392301441,38.011932985046556,43.497663751628,9.747490231617507e-05,1 days 18:00:00,2024-10-07,6
2024279N21265,23.976167678833008,273.9607849121094,2024-10-09 00:00:00,926.888332501854,140.85403424637462,9.322557965523272,163.26275085551282,181.20099708833757,133.01485842747476,138.43571403409615,71.49015279473753,65.58096300332627,51.25456012369561,61.48776337102623,47.79425150663939,42.89268380643369,36.330140148724766,42.41346703075021,0.00010337984220858593,2 days 00:00:00,2024-10-07,6
2024279N21265,25.006834030151367,274.7639465332031,2024-10-09 06:00:00,937.5119577091539,114.61718579003107,35.19324120225364,201.30943444088518,192.2674998879161,155.4964286965833,161.23753657007026,96.99986818448569,92.57709988156088,79.35340589075369,86.24288453157499,65.01027964529762,59.51902903619968,51.25086274537536,57.33546784645042,0.00012662123100506465,2 days 06:00:00,2024-10-07,6
2024279N21265,25.989906311035156,275.63671875,2024-10-09 12:00:00,934.0208747895558,125.03577615724816,0.0,223.7912009434167,219.84681847796946,177.23159985264647,186.55028289318398,119.6630759891923,117.90001132769657,101.25444802430229,108.2703102336618,75.20181410488874,70.30544987198209,60.47557972951654,65.80631455414846,0.00012373192368436478,2 days 12:00:00,2024-10-07,6
2024279N21265,26.773761749267578,276.27587890625,2024-10-09 18:00:00,940.4440408471748,129.9740780868793,29.823856860072894,241.01723161976523,235.39162081639336,170.88562716979828,198.8376621071718,118.6159654705836,113.4804298874184,94.91026367276717,105.61107117022668,72.63592193909017,68.0100488759766,57.86424561946404,63.926109776889234,0.00012991360876334667,2 days 18:00:00,2024-10-07,6
2024279N21265,27.971969604492188,277.5621337890625,2024-10-10 00:00:00,955.3541269570951,95.41660202266958,11.954421860026052,280.13940671533595,273.6845697150562,214.67586394231313,221.94149906282615,125.86398161233419,125.97035655012655,101.68918952654867,109.06261313360034,62.70046475827786,60.1133674298791,50.52357060785548,54.556570146794,0.00011889734294171077,3 days 00:00:00,2024-10-07,6
2024279N21265,28.85368537902832,278.7982482910156,2024-10-10 06:00:00,968.9431592407078,79.22458615501542,60.72846539592332,471.1038283786156,479.73672863431534,371.29325264403406,390.8517737384648,247.61687285118913,244.01954133559093,197.48199613497846,209.39932923380854,98.53439473286846,97.24324914006834,81.32323834813405,83.40840978495338,8.460842247012717e-05,3 days 06:00:00,2024-10-07,6
2024279N21265,29.736637115478516,280.7575378417969,2024-10-10 12:00:00,980.0856027244573,69.2153196546409,75.39463260458612,342.1117712165779,336.7690381312333,271.5977958194619,295.93005590100086,130.5029526916831,120.71689611639533,93.27962819205331,106.54216753804778,75.39463260458612,41.152026369209096,31.775103608805942,34.845642257649665,0.00011119408630438049,3 days 12:00:00,2024-10-07,6
2024279N21265,29.565837860107422,281.94525146484375,2024-10-10 18:00:00,988.258941828881,62.111134098859026,70.07084871221706,265.53824453003745,283.1601905124622,238.04499862821393,234.37157380854543,156.4958493720912,153.15002809684395,126.49871849289843,133.1326889549256,0.0,0.0,0.0,0.0,0.0001290748369770487,3 days 18:00:00,2024-10-07,6
2024279N21265,29.703039169311523,284.6402587890625,2024-10-11 00:00:00,988.986484986676,59.424185181368486,149.67376453360504,501.54669916842306,501.95898688042104,436.64831773323397,431.4080734718774,0.0,149.67376453360504,0.2658293743821134,0.0,0.0,0.0,0.0,0.0,9.324078266700982e-05,4 days 00:00:00,2024-10-07,6
2024279N21265,30.065561294555664,288.26947021484375,2024-10-11 06:00:00,982.8233301152487,56.208447797964475,91.66453809681916,140.8142376095489,136.56416651497582,115.0499885040494,114.71429891676733,91.66453809681916,0.4111236320331506,0.12113538081680486,1.361667546477831,0.0,0.0,0.0,0.0,3.2140253454516476e-05,4 days 06:00:00,2024-10-07,6
2024279N21265,30.895627975463867,290.4942932128906,2024-10-11 12:00:00,983.8580285931571,64.0058134386536,148.89196414339926,467.24978975501404,459.5834038870986,398.1129331542112,404.11703352193445,148.89196414339926,148.89196414339926,1.0683021332705311,0.5868933877445575,148.89196414339926,0.0,0.0,0.0,8.819608571246979e-05,4 days 12:00:00,2024-10-07,6
2024279N21265,32.528663635253906,293.9497375488281,2024-10-11 18:00:00,986.0232866654909,65.72270147454745,78.3015387526458,247.29500508534835,261.557692427112,221.05024218487853,209.0481733466296,78.3015387526458,78.3015387526458,4.013096362649341,1.3043708858973317,78.3015387526458,0.0,0.0,0.0,0.00011949982148833157,4 days 18:00:00,2024-10-07,6
2024279N21265,33.173118591308594,297.825927734375,2024-10-12 00:00:00,992.0091797233781,49.71672676487797,109.58482088982772,92.41148484054662,109.58482088982772,71.318778406114,65.37684971757264,0.0,0.0,0.0,0.0,0.0,0.0,0.0,0.0,6.976165124000458e-05,5 days 00:00:00,2024-10-07,6
2024279N21265,22.5,266.5999984741211,2024-10-07 00:00:00,981.0,75.0,27.77998988808368,111.11995955233472,129.63995281105719,129.63995281105719,129.63995281105719,55.55997977616736,55.55997977616736,74.07997303488982,74.07997303488982,0.0,37.03998651744491,37.03998651744491,0.0,1.0,0 days 00:00:00,2024-10-07,7
2024279N21265,22.07383918762207,267.3076477050781,2024-10-07 06:00:00,952.9461706333501,109.66071952140196,49.050170121139615,85.59776418324535,103.9229598994179,96.46320847396802,83.07063471626114,49.050170121139615,49.050170121139615,37.311556520859185,39.216492174854196,49.050170121139615,23.724052036952084,23.41657033639371,24.125298188819322,0.00010810766794640465,0 days 06:00:00,2024-10-07,7
2024279N21265,21.67270851135254,268.2058410644531,2024-10-07 12:00:00,960.835894968254,96.02239487411421,23.792766972997725,138.36077919281414,144.99977097801653,118.96179622899311,120.31811288400358,66.14284694172872,58.58536310314169,44.47878221684051,53.40016166708479,26.479808150231865,25.530459615392004,19.137937276867945,23.196956933835047,0.00010259281644639547,0 days 12:00:00,2024-10-07,7
2024279N21265,21.775129318237305,269.84991455078125,2024-10-07 18:00:00,978.4533733103058,73.61874077916855,28.87655588020793,138.58082450586193,129.10750963734716,90.71097657284457,99.64151461846842,48.68742027185769,43.65575841631856,29.981674148303945,37.48552364258743,28.87655588020793,12.362374841477543,9.332546773672295,10.722777933791116,9.869975781946645e-05,0 days 18:00:00,2024-10-07,7
2024279N21265,22.103050231933594,270.221435546875,2024-10-08 00:00:00,964.6244954417527,96.2168637228979,58.31872240573466,169.62578307542765,177.97125008221255,132.86753441095948,143.45596937724343,92.79288279596949,85.61483766206591,68.1020741085173,77.3104895139646,58.31872240573466,40.77034956085376,32.35160693846291,36.71836215871756,0.00011503289451366231,1 days 00:00:00,2024-10-07,7
2024279N21265,22.039405822753906,270.80975341796875,2024-10-08 06:00:00,964.5944841296683,86.40191723676188,37.37262973777854,141.1499337325289,164.785467892572,131.74328888471888,111.89952346880018,66.88293821332591,62.81511884432164,42.867173442824125,49.5850452447966,20.217396264805675,37.37262973777854,13.633996762662113,17.342370689213283,0.00010690486616681169,1 days 06:00:00,2024-10-07,7
2024279N21265,22.383159637451172,271.8016357421875,2024-10-08 12:00:00,959.6211407669797,100.68338949130656,47.537892267727486,215.0074343540525,229.07050698929925,198.16523239464388,184.65928060823208,113.43312839217569,115.03234487766396,95.91148019144762,99.85496752504696,55.23178634808683,53.79814488349446,45.72033771589237,47.8500758853294,0.0001149003869779679,1 days 12:00:00,2024-10-07,7
2024279N21265,22.766345977783203,272.88323974609375,2024-10-08 18:00:00,949.5805278471073,114.4712987145681,0.0,199.0440699260484,208.43470247454957,152.67407436941343,153.81941021118172,104.17886705286884,97.01695694908634,74.72411631352047,85.7225000612082,46.75358252346314,45.7650766151403,35.02801939657158,41.30399473751232,0.00013044914461608626,1 days 18:00:00,2024-10-07,7
2024279N21265,23.279926300048828,273.62921142578125,2024-10-09 00:00:00,932.6119140176446,135.2037712999834,44.184100227406965,235.34933227991266,257.1221207555639,215.566759409251,204.43584515869463,128.393238920984,130.5296680210916,114.30529123678247,117.20375140963532,80.11023483579007,75.58613630426294,66.67491079847451,70.74712336935802,9.811338149150859e-05,2 days 00:00:00,2024-10-07,7
2024279N21265,24.199134826660156,274.2026672363281,2024-10-09 06:00:00,929.8373042005607,136.41245740073424,35.838578016643325,187.64891901895433,201.75416407166816,160.6582073108395,158.87885158875184,87.88633747617946,85.92529586064293,69.16584155398652,76.38996441990267,53.009622675970014,47.91078439897915,42.52608066697187,45.650961235488076,0.00011716309049771001,2 days 06:00:00,2024-10-07,7
2024279N21265,25.47709846496582,274.8472900390625,2024-10-09 12:00:00,914.3358909978123,153.75520852805576,8.009099945607623,223.8532864993406,231.59523418763297,194.5556588164139,190.59361731909598,116.48361449092963,114.4121911623272,98.87129428447926,105.71057324685779,78.64999686923059,72.34238327557298,63.57782067219994,69.86689502808665,0.0001295417331410997,2 days 12:00:00,2024-10-07,7
2024279N21265,26.670528411865234,275.9124755859375,2024-10-09 18:00:00,939.1496275852036,119.9949774843065,8.79473226939613,258.4458142137532,255.31983920805314,210.86368507209266,219.28753219473248,143.51902556849268,140.35711456556305,121.52535351220273,128.62681975884468,84.59419114685579,79.52487051050346,68.23600761852802,74.13268828904684,0.00013605787128255912,2 days 18:00:00,2024-10-07,7
2024279N21265,27.594051361083984,276.4741516113281,2024-10-10 00:00:00,952.8666005905819,107.02570903425286,38.245095630313955,263.34238103325055,260.39151131994277,221.59335868370036,224.82949100379722,140.86030176804874,141.28072889549355,121.13387447737288,127.86186173572656,79.06038742391584,74.36231007506379,65.08828470102979,68.73586794499158,0.0001258655950118888,3 days 00:00:00,2024-10-07,7
2024279N21265,28.14936065673828,277.192626953125,2024-10-10 06:00:00,966.2419025862873,87.48907500202561,33.589333876222454,315.23667253233157,333.869474142829,264.55890978493954,256.9343057586957,181.30448481854043,181.91749836196553,154.17071245023254,157.437322116212,89.55452138738475,90.90961170106102,72.4517323912436,79.00008162014423,8.308857840426172e-05,3 days 06:00:00,2024-10-07,7
2024279N21265,28.41952133178711,278.61328125,2024-10-10 12:00:00,978.6664642258575,73.93967957725988,39.14618789233708,302.4275884077938,314.08534846176235,248.93516991526712,260.15785398110484,153.3733961702535,152.0883528285026,123.2761124775692,129.88161686231717,57.30388947047675,56.2509988471092,47.18686768910942,47.6061711187275,0.0001222567858648168,3 days 12:00:00,2024-10-07,7
2024279N21265,28.50555419921875,278.966552734375,2024-10-10 18:00:00,988.3097937112807,56.06143357176211,116.6192159078957,215.68485232025256,206.5941388692642,178.0849579228521,179.6148993096594,4.793002340110604,116.6192159078957,4.225587255170382,2.5652323253042795,0.0,0.0,0.0,0.0,0.00010155622595283315,3 days 18:00:00,2024-10-07,7
2024279N21265,29.3436222076416,281.48291015625,2024-10-11 00:00:00,983.2129295423406,65.71935974791828,76.06579212422855,395.4966511107648,408.99459170646037,333.0199706431108,343.8764496925757,127.301674483126,124.71995485911586,99.68109912392922,105.18423334797085,76.06579212422855,40.828767321374,33.55613312749026,33.49237525518719,0.00012052296217489956,4 days 00:00:00,2024-10-07,7
2024279N21265,29.375877380371094,283.89794921875,2024-10-11 06:00:00,985.5800039386052,62.272820141352824,99.26053730765449,341.6010077036261,351.7340795608468,306.94921712816824,296.9560229960555,0.8762442223443756,99.26053730765449,0.0,0.18199715395493854,0.0,0.0,0.0,0.0,7.705607741723537e-05,4 days 06:00:00,2024-10-07,7
2024279N21265,30.339513778686523,285.76849365234375,2024-10-11 12:00:00,979.2789757411059,69.23443669154358,80.66188703980404,386.4625376551098,386.57241485216036,320.1522763966211,345.5906069719782,226.30450594007908,218.900330892016,180.9196843263744,194.4867701218344,90.82344964437988,89.25187298490114,73.50693774723383,77.26587252278142,7.574044534735417e-05,4 days 12:00:00,2024-10-07,7
2024279N21265,29.961050033569336,287.5821533203125,2024-10-11 18:00:00,983.4575135365305,67.30739006533373,96.4547250729252,296.6828750987918,299.3089388370398,254.3681584878175,256.4049105116881,96.4547250729252,0.0,0.0,0.0,96.4547250729252,0.0,0.0,0.0,0.0001038760082197432,4 days 18:00:00,2024-10-07,7
2024279N21265,29.971370697021484,290.3731384277344,2024-10-12 00:00:00,976.092760310994,75.09763590599917,106.52701745445292,487.620160898736,505.6256261674799,419.06092526873226,436.0651679632278,246.64184405018835,244.53530533345543,201.09707546932466,211.92924069866876,106.52701745445292,94.99618816230569,80.94999048209024,82.14998795779464,0.00010563126567067129,5 days 00:00:00,2024-10-07,7
